{
  "project_info": {
    "project_number": "867274623214",
    "project_id": "aplicacionfinal-79baf",
    "storage_bucket": "aplicacionfinal-79baf.appspot.com"
  },
  "client": [
    {
      "client_info": {
        "mobilesdk_app_id": "1:867274623214:android:706e61f06fab4327150bff",
        "android_client_info": {
          "package_name": "com.rodriguez.aplicacionfinal"
        }
      },
      "oauth_client": [
        {
          "client_id": "867274623214-f5ghdiumdv8fp4sknplsgdo5o1cmj9db.apps.googleusercontent.com",
          "client_type": 3
        }
      ],
      "api_key": [
        {
          "current_key": "AIzaSyCD-OvAlQyogIWuYTqFc-kA1y6w_fleBIE"
        }
      ],
      "services": {
        "appinvite_service": {
          "other_platform_oauth_client": [
            {
              "client_id": "867274623214-f5ghdiumdv8fp4sknplsgdo5o1cmj9db.apps.googleusercontent.com",
              "client_type": 3
            }
          ]
        }
      }
    }
  ],
  "configuration_version": "1"
}